{
    "$schema": "https://schema.management.azure.com/schemas/2019-04-01/deploymentTemplate.json#",
    "contentVersion": "1.0.0.0",
    "parameters": {
        "location": {
            "type": "string",
            "metadata": {
                "description": "Location of the resources"
            },
            "defaultValue": "[resourceGroup().location]"
        },
        "vNet1Name": {
            "type": "string",
            "defaultValue": "vNet1",
            "metadata": {
                "description": "Name for vNet 1"
            }
        },
        "vNet2Name": {
            "type": "string",
            "defaultValue": "vNet2",
            "metadata": {
                "description": "Name for vNet 2"
            }
        },
        "adminUsername": {
           "type": "string",
           "metadata": {
                "description": "description"
            }
        },
        "adminpassword": {
           "type": "string",
           "metadata": {
                "description": "description"
            }
        }
    },
    "variables": {
        "vNet1": {
            "addressSpacePrefix": "10.0.0.0/24",
            "subnetName": "subnet1",
            "subnetPrefix": "10.0.0.0/24"
        },
        "vNet2": {
            "addressSpacePrefix": "192.168.0.0/24",
            "subnetName": "subnet1",
            "subnetPrefix": "192.168.0.0/24"
        },
        "tags": {
            "createdby": "Ramakrishna",
            "Department": "IT",
            "Costcenter": "100",
            "environment" : "Dev"
        },
        "vNet1tovNet2PeeringName": "[concat(parameters('vNet1Name'), '-', parameters('vNet2Name'))]",
        "vNet2tovNet1PeeringName": "[concat(parameters('vNet2Name'), '-', parameters('vNet1Name'))]",
        "VM1-Pubip" : "VM1-Pubip-01",
        "VM1-NIC" : "VM1-NIC-01",
        "VM1-Name" : "VM1-Dev-01",
        "VM2-NIC" : "VM2-NIC-01",
        "VM2-Name" : "VM2-Dev-01",
        "VM1-nsg" : "VM1-nsg-01"
    },
    "resources": [
        {
            "apiVersion": "2020-05-01",
            "type": "Microsoft.Network/virtualNetworks",
            "name": "[parameters('vNet1Name')]",
            "location": "[parameters('location')]",
            "dependsOn": [
            "[resourceId('Microsoft.Network/networkSecurityGroups', variables('VM1-nsg'))]"
              ],
            "comments": "This is the first vNet",
            "properties": {
                "addressSpace": {
                    "addressPrefixes": [
                        "[variables('vNet1').addressSpacePrefix]"
                    ]
                },
                "subnets": [
                    {
                        "name": "[variables('vNet1').subnetName]",
                        "properties": {
                            "addressPrefix": "[variables('vNet1').subnetPrefix]",
                        "networkSecurityGroup": {
                         "id": "[resourceId('Microsoft.Network/networkSecurityGroups', variables('VM1-nsg'))]"
                          }
                        }
                    }
                ]
            },
            "resources": [
                {
                    "apiVersion": "2020-05-01",
                    "type": "virtualNetworkPeerings",
                    "name": "[variables('vNet1tovNet2PeeringName')]",
                    "location": "[parameters('location')]",
                    "dependsOn": [
                        "[resourceId('Microsoft.Network/virtualNetworks/', parameters('vNet1Name'))]",
                        "[resourceId('Microsoft.Network/virtualNetworks/', parameters('vNet2Name'))]"
                    ],
                    "comments": "This is the peering from vNet 1 to vNet 2",
                    "properties": {
                        "allowVirtualNetworkAccess": true,
                        "allowForwardedTraffic": false,
                        "allowGatewayTransit": false,
                        "useRemoteGateways": false,
                        "remoteVirtualNetwork": {
                            "id": "[resourceId('Microsoft.Network/virtualNetworks',parameters('vNet2Name'))]"
                        }
                    }
                }
            ]
        },
        {
            "apiVersion": "2020-05-01",
            "type": "Microsoft.Network/virtualNetworks",
            "name": "[parameters('vNet2Name')]",
            "location": "[parameters('location')]",
            "dependsOn": [
            "[resourceId('Microsoft.Network/networkSecurityGroups', variables('VM1-nsg'))]"
              ],
            "comments": "This is the second vNet",
            "properties": {
                "addressSpace": {
                    "addressPrefixes": [
                        "[variables('vNet2').addressSpacePrefix]"
                    ]
                },
                "subnets": [
                    {
                        "name": "[variables('vNet2').subnetName]",
                        "properties": {
                            "addressPrefix": "[variables('vNet2').subnetPrefix]",
                            "networkSecurityGroup": {
                            "id": "[resourceId('Microsoft.Network/networkSecurityGroups', variables('VM1-nsg'))]"
                          }
                        }
                    }
                ]
            },
            "resources": [
                {
                    "apiVersion": "2020-05-01",
                    "type": "virtualNetworkPeerings",
                    "name": "[variables('vNet2tovNet1PeeringName')]",
                    "location": "[parameters('location')]",
                    "dependsOn": [
                        "[resourceId('Microsoft.Network/virtualNetworks/', parameters('vNet1Name'))]",
                        "[resourceId('Microsoft.Network/virtualNetworks/', parameters('vNet2Name'))]"
                    ],
                    "comments": "This is the peering from vNet 2 to vNet 1",
                    "properties": {
                        "allowVirtualNetworkAccess": true,
                        "allowForwardedTraffic": false,
                        "allowGatewayTransit": false,
                        "useRemoteGateways": false,
                        "remoteVirtualNetwork": {
                            "id": "[resourceId('Microsoft.Network/virtualNetworks',parameters('vNet1Name'))]"
                        }
                    }
                }
            ]
        },
        {
            "name": "[variables('VM1-Pubip')]",
            "type": "Microsoft.Network/publicIPAddresses",
            "apiVersion": "2018-08-01",
            "location": "[resourceGroup().location]",
            "tags": "[variables('tags')]",

            "properties": {
                "publicIPAllocationMethod": "Dynamic",
                "dnsSettings": {
                    "domainNameLabel": "[toLower('VM1dnstest01')]"
                }
            }
        },
        {
            "name": "[variables('VM1-nsg')]",
            "type": "Microsoft.Network/networkSecurityGroups",
            "apiVersion": "2018-08-01",
            "location": "[resourceGroup().location]",
            "properties": {
                "securityRules": [
                    {
                        "name": "nsgRule1",
                        "properties": {
                            "description": "description",
                            "protocol": "Tcp",
                            "sourcePortRange": "*",
                            "destinationPortRange": "*",
                            "sourceAddressPrefix": "*",
                            "destinationAddressPrefix": "3389",
                            "access": "Allow",
                            "priority": 100,
                            "direction": "Inbound"
                        }
                    }
                ]
            }
        },

        {
            "name": "[variables('VM1-NIC')]",
            "type": "Microsoft.Network/networkInterfaces",
            "apiVersion": "2018-08-01",
            "location": "[resourceGroup().location]",
            "dependsOn": [
                "[resourceId('Microsoft.Network/publicIPAddresses', variables('VM1-Pubip'))]",
                "[resourceId('Microsoft.Network/virtualNetworks', parameters('vNet1Name'))]"
            ],
            "tags": "[variables('tags')]",

            "properties": {
                "ipConfigurations": [
                    {
                        "name": "ipConfig1",
                        "properties": {
                            "privateIPAllocationMethod": "Dynamic",
                            "publicIPAddress": {
                                "id": "[resourceId('Microsoft.Network/publicIPAddresses', variables('VM1-Pubip'))]"
                            },
                            "subnet": {
                                "id": "[resourceId('Microsoft.Network/virtualNetworks/subnets', parameters('vNet1Name'), variables('vNet1').subnetName)]"
                            }
                        }
                    }
                ]
            }
        },
        {
            "name": "[variables('VM1-Name')]",
            "type": "Microsoft.Compute/virtualMachines",
            "apiVersion": "2017-03-30",
            "location": "[resourceGroup().location]",
            "dependsOn": [               
                "[resourceId('Microsoft.Network/networkInterfaces', variables('VM1-NIC'))]"
            ],
            "tags": "[variables('tags')]",
            "properties": {
                "hardwareProfile": {
                    "vmSize": "Standard_Ds1_v2"
                },
                "osProfile": {
                    "computerName": "windowsVM1",
                    "adminUsername": "[parameters('adminUsername')]",
                    "adminPassword": "[parameters('adminpassword')]"
                },
                "storageProfile": {
                    "imageReference": {
                        "publisher": "MicrosoftWindowsServer",
                        "offer": "WindowsServer",
                        "sku": "2016-Datacenter",
                        "version": "latest"
                    },
                    "osDisk": {
                        "name": "windowsVM1OSDisk",
                        "caching": "ReadWrite",
                        "createOption": "FromImage"
                    }
                },
                "networkProfile": {
                    "networkInterfaces": [
                        {
                            "id": "[resourceId('Microsoft.Network/networkInterfaces', variables('VM1-NIC'))]"
                        }
                    ]
                }
         
            }

        },

        {
            "name": "[variables('VM2-NIC')]",
            "type": "Microsoft.Network/networkInterfaces",
            "apiVersion": "2018-08-01",
            "location": "[resourceGroup().location]",
            "dependsOn": [
                "[resourceId('Microsoft.Network/virtualNetworks', parameters('vNet2Name'))]"
            ],
            "tags": "[variables('tags')]",
            "properties": {
                "ipConfigurations": [
                    {
                        "name": "ipConfig1",
                        "properties": {
                            "privateIPAllocationMethod": "Dynamic",
                            "subnet": {
                                "id": "[resourceId('Microsoft.Network/virtualNetworks/subnets', parameters('vNet2Name'), variables('vNet2').subnetName)]"
                            }
                        }
                    }
                ]
            }
        },
        {
            "name": "[variables('VM2-Name')]",
            "type": "Microsoft.Compute/virtualMachines",
            "apiVersion": "2017-03-30",
            "location": "[resourceGroup().location]",
            "dependsOn": [
                "[resourceId('Microsoft.Network/networkInterfaces', variables('VM2-NIC'))]"
            ],
            "tags": "[variables('tags')]",
            "properties": {
                "hardwareProfile": {
                    "vmSize": "Standard_DS1_V2"
                },
                "osProfile": {
                    "computerName": "windowsVM2",
                    "adminUsername": "[parameters('adminUsername')]",
                    "adminPassword": "[parameters('adminpassword')]"
                },
                "storageProfile": {
                    "imageReference": {
                        "publisher": "MicrosoftWindowsServer",
                        "offer": "WindowsServer",
                        "sku": "2016-Datacenter",
                        "version": "latest"
                    },
                    "osDisk": {
                        "name": "windowsVM2OSDisk",
                        "caching": "ReadWrite",
                        "createOption": "FromImage"
                    }
                },
                "networkProfile": {
                    "networkInterfaces": [
                        {
                            "id": "[resourceId('Microsoft.Network/networkInterfaces', variables('VM2-NIC'))]"
                        }
                    ]
                }

            }
 
        }
    ]
}