{
    "$schema": "https://schema.management.azure.com/schemas/2019-04-01/deploymentParameters.json#",
    "contentVersion": "1.0.0.0",
    "parameters": {
        "StorageAccountName": {
            "value": "AZMAY2021SA06"
        },
        "VirtualNetworkName": {
            "value": "ford-eastus-dev-vnet-01"
        },
        "Subnet-1": {
            "value": "ford-eastus-dev-snet-01"
        },
        "Subnet-2": {
            "value": "ford-eastus-dev-snet-02"
        },
        "PublicIPName1": {
            "value": "ford-eastus-dev-pubip-01"
        },
        "VM_Name1": {
            "value": "ford-eastus-dev-vm-01"
        },
        "adminuser": {
            "value": "azureuser"
        },
        "adminpassword": {
            "value": "Password@1234"
        }
    }
}