{
    "$schema": "https://schema.management.azure.com/schemas/2019-04-01/deploymentTemplate.json#",
    "contentVersion": "1.0.0.0",
    "parameters": {
        "StorageAccountName": {
           "type": "string",
           "metadata": {
                "description": "Name of the Storage Account"
            }
        },
        "VirtualNetworkName": {
           "type": "string",
           "metadata": {
                "description": "Name of the Virtual Network"
            }
        },
        "Subnet-1": {
           "type": "string",
           "metadata": {
                "description": "Name of the subnet1"
            }
        },
        "Subnet-2": {
           "type": "string",
           "metadata": {
                "description": "Name of the subnet2"
            }
        },
        "PublicIPName1": {
           "type": "string",
           "metadata": {
                "description": "Name of the public IP1"
            }
        },
        "VM_Name1": {
           "type": "string",
           "metadata": {
                "description": "Name of the Virtual Machine1"
            }
        },
        "adminuser": {
           "type": "string",
           "metadata": {
                "description": "Admin user name"
            }
        },
        "adminpassword": {
           "type": "string",
           "metadata": {
                "description": "Admin user password"
            }
        }
    },
    "functions": [],
    "variables": {
        "Vnetaddress": ["10.0.0.0/24"],
        "Subnet1address": "10.0.0.0/27",
        "Subnet2address": "10.0.0.32/27",
        "NIC_Name1" : "ford-eastus-dev-nic-01"
    },
    "resources": [
        {
            "name": "[toLower(parameters('StorageAccountName'))]",
            "type": "Microsoft.Storage/storageAccounts",
            "apiVersion": "2015-06-15",
            "location": "[resourceGroup().location]",
            "tags": {
                "displayName": "azmay2021sa01",
                "Creadby" : "Ramakrishna",
                "Costcenter" : "1000",
                "Department" : "IT"
            },
            "properties": {
                "accountType": "Standard_GRS"
            }
        },
        {
            "name": "[parameters('VirtualNetworkName')]",
            "type": "Microsoft.Network/virtualNetworks",
            "apiVersion": "2018-08-01",
            "location": "[resourceGroup().location]",
            "tags": {
                "displayName": "[parameters('VirtualNetworkName')]",
                "Creadby" : "Ramakrishna",
                "Costcenter" : "1000",
                "Department" : "IT"
            },
            "properties": {
                "addressSpace": {
                    "addressPrefixes": "[variables('Vnetaddress')]"
                },
                "subnets": [
                    {
                        "name": "[parameters('Subnet-1')]",
                        "properties": {
                            "addressPrefix": "[variables('Subnet1address')]"
                        }
                    },
                    {
                        "name": "[parameters('Subnet-2')]",
                        "properties": {
                            "addressPrefix": "[variables('Subnet2address')]"
                        }
                    }

                ]
            }
        },

        {
            "name": "[parameters('PublicIPName1')]",
            "type": "Microsoft.Network/publicIPAddresses",
            "apiVersion": "2018-08-01",
            "location": "[resourceGroup().location]",
            "tags": {
                "displayName": "[parameters('PublicIPName1')]",
                "Creadby" : "Ramakrishna",
                "Costcenter" : "1000",
                "Department" : "IT"
            },
            "properties": {
                "publicIPAllocationMethod": "Static",
                "dnsSettings": {
                    "domainNameLabel": "[toLower('azmay2021pubipdns')]"
                }
            }
        },

        {
            "name": "[variables('NIC_Name1')]",
            "type": "Microsoft.Network/networkInterfaces",
            "apiVersion": "2018-08-01",
            "location": "[resourceGroup().location]",
            "dependsOn": [
                "[resourceId('Microsoft.Network/publicIPAddresses', parameters('PublicIPName1'))]",
                "[resourceId('Microsoft.Network/virtualNetworks', parameters('VirtualNetworkName'))]"
            ],
            "tags": {
                "displayName": "[variables('NIC_Name1')]",
                "Creadby" : "Ramakrishna",
                "Costcenter" : "1000",
                "Department" : "IT"
            },
            "properties": {
                "ipConfigurations": [
                    {
                        "name": "ipConfig1",
                        "properties": {
                            "privateIPAllocationMethod": "Dynamic",
                            "publicIPAddress": {
                                "id": "[resourceId('Microsoft.Network/publicIPAddresses', parameters('PublicIPName1'))]"
                            },
                            "subnet": {
                                "id": "[resourceId('Microsoft.Network/virtualNetworks/subnets', parameters('VirtualNetworkName'), parameters('Subnet-1'))]"
                            }
                        }
                    }
                ]
            }
        },
        {
            "name": "[parameters('VM_Name1')]",
            "type": "Microsoft.Compute/virtualMachines",
            "apiVersion": "2017-03-30",
            "location": "[resourceGroup().location]",
            "dependsOn": [
                "[resourceId('Microsoft.Storage/storageAccounts', toLower(parameters('StorageAccountName')))]",
                "[resourceId('Microsoft.Network/networkInterfaces', variables('NIC_Name1'))]"
            ],
            "tags": {
                "displayName": "[parameters('VM_Name1')]",
                "Creadby" : "Ramakrishna",
                "Costcenter" : "1000",
                "Department" : "IT"
            },
            "properties": {
                "hardwareProfile": {
                    "vmSize": "Standard_DS1_v2"
                },
                "osProfile": {
                    "computerName": "WEBES20215",
                    "adminUsername": "[parameters('adminuser')]",
                    "adminPassword": "[parameters('adminpassword')]"
                },
                "storageProfile": {
                    "imageReference": {
                        "publisher": "MicrosoftWindowsServer",
                        "offer": "WindowsServer",
                        "sku": "2016-Datacenter",
                        "version": "latest"
                    },
                    "osDisk": {
                        "name": "windowsVM1OSDisk",
                        "caching": "ReadWrite",
                        "createOption": "FromImage"
                    }
                },
                "networkProfile": {
                    "networkInterfaces": [
                        {
                            "id": "[resourceId('Microsoft.Network/networkInterfaces', variables('NIC_Name1'))]"
                        }
                    ]
                }

            }

        }
    ],
    "outputs": {}
}

